City_ID,City,Lat,Lng,Max Temp,Humidity,Cloudiness,Wind Speed,Country,Date
0,Mataura,-46.1927,168.8643,45.97,90,93,2.59,NZ,2021-11-24 17:39:27
1,Kahului,20.8947,-156.47,74.84,78,1,5.75,US,2021-11-24 17:39:28
2,Tasiilaq,65.6145,-37.6368,24.96,91,100,5.06,GL,2021-11-24 17:39:28
3,Atuona,-9.8,-139.0333,77.02,80,62,12.06,PF,2021-11-24 17:39:29
4,Punta Arenas,-53.15,-70.9167,48.11,61,55,12.68,CL,2021-11-24 17:39:29
5,Upernavik,72.7868,-56.1549,29.44,74,100,23.91,GL,2021-11-24 17:39:29
6,Hobart,-42.8794,147.3294,57.02,86,62,0.0,AU,2021-11-24 17:39:30
7,Camargo,27.6667,-105.1667,70.72,28,22,11.83,MX,2021-11-24 17:39:30
8,Teocaltiche,21.4333,-102.5833,67.51,29,14,10.47,MX,2021-11-24 17:39:30
9,Bredasdorp,-34.5322,20.0403,64.27,69,0,15.99,ZA,2021-11-24 17:39:31
10,Pisco,-13.7,-76.2167,70.02,77,0,9.22,PE,2021-11-24 17:39:31
11,San Jeronimo,-11.9472,-75.2829,54.5,74,100,7.05,PE,2021-11-24 17:39:32
12,Bluff,-46.6,168.3333,49.75,88,98,7.9,NZ,2021-11-24 17:39:32
13,Arona,28.0996,-16.681,67.39,74,40,13.8,ES,2021-11-24 17:39:32
14,Rikitea,-23.1203,-134.9692,76.64,75,100,14.54,PF,2021-11-24 17:39:33
15,Scarborough,54.2797,-0.4044,46.51,87,100,1.01,GB,2021-11-24 17:39:33
16,Porto Belo,-27.1578,-48.5531,77.16,65,73,6.62,BR,2021-11-24 17:39:33
17,Pevek,69.7008,170.3133,-23.8,98,87,2.82,RU,2021-11-24 17:39:34
18,Bara,10.3744,10.7288,82.54,22,94,3.69,NG,2021-11-24 17:39:34
19,Aqtobe,50.2797,57.2072,10.49,85,0,11.18,KZ,2021-11-24 17:39:35
20,Busselton,-33.65,115.3333,59.09,76,36,11.52,AU,2021-11-24 17:39:35
21,Shirokiy,49.758,129.523,10.31,97,61,3.8,RU,2021-11-24 17:39:36
22,Hermanus,-34.4187,19.2345,69.91,68,1,19.86,ZA,2021-11-24 17:39:36
23,Pyaozerskiy,65.8333,31.1667,18.57,93,95,4.56,RU,2021-11-24 17:39:36
24,Inta,66.0317,60.1659,11.17,93,100,15.37,RU,2021-11-24 17:39:36
25,Vila Velha,-20.3297,-40.2925,78.94,79,20,7.0,BR,2021-11-24 17:32:49
26,Hilo,19.7297,-155.09,83.28,66,90,9.22,US,2021-11-24 17:38:49
27,Adrar,20.5022,-10.0711,83.16,25,87,4.88,MR,2021-11-24 17:32:56
28,Karratha,-20.7377,116.8463,80.91,56,98,7.25,AU,2021-11-24 17:35:16
29,Jaciara,-15.9653,-54.9683,86.02,65,97,4.0,BR,2021-11-24 17:39:37
30,Redmond,47.674,-122.1215,44.71,92,93,2.89,US,2021-11-24 17:39:38
31,Vila Franca Do Campo,37.7167,-25.4333,67.19,76,92,21.99,PT,2021-11-24 17:39:38
32,Hithadhoo,-0.6,73.0833,82.33,73,100,18.99,MV,2021-11-24 17:39:38
33,Trapani,37.8333,12.6667,62.35,94,20,6.91,IT,2021-11-24 17:39:39
34,Provideniya,64.3833,-173.3,3.11,77,31,5.06,RU,2021-11-24 17:39:39
35,Egvekinot,66.3167,-179.1667,-5.31,75,100,5.61,RU,2021-11-24 17:39:40
36,Fortuna,40.5982,-124.1573,45.99,96,75,6.91,US,2021-11-24 17:39:40
37,Saldanha,-33.0117,17.9442,64.74,68,1,24.52,ZA,2021-11-24 17:39:40
38,Manono,-7.3,27.4167,68.74,93,87,4.99,CD,2021-11-24 17:39:41
39,Bonavista,48.6499,-53.1147,50.0,98,100,22.5,CA,2021-11-24 17:39:41
40,Vaini,-21.2,-175.2,69.96,100,75,0.0,TO,2021-11-24 17:39:42
41,Nueve De Julio,-35.4444,-60.8831,92.71,18,32,11.74,AR,2021-11-24 17:39:42
42,Cape Town,-33.9258,18.4232,73.27,47,0,24.16,ZA,2021-11-24 17:35:55
43,Kijang,35.2442,129.2139,49.73,68,1,9.24,KR,2021-11-24 17:39:43
44,Kavieng,-2.5744,150.7967,82.45,72,67,11.88,PG,2021-11-24 17:32:46
45,Noumea,-22.2763,166.4572,77.0,99,100,5.79,NC,2021-11-24 17:40:43
46,Aykhal,66.0,111.5,-12.32,95,100,7.49,RU,2021-11-24 17:40:44
47,Srednekolymsk,67.45,153.6833,-13.95,99,100,4.79,RU,2021-11-24 17:40:44
48,Flinders,-34.5833,150.8552,69.21,93,100,1.01,AU,2021-11-24 17:40:44
49,Damara,4.9608,18.7035,87.22,42,15,2.39,CF,2021-11-24 17:40:45
50,Mayumba,-3.432,10.6554,76.3,89,96,2.57,GA,2021-11-24 17:40:45
51,Sitka,57.0531,-135.33,42.69,75,90,25.32,US,2021-11-24 17:33:09
52,Lebu,-37.6167,-73.65,61.36,73,87,10.87,CL,2021-11-24 17:40:45
53,Weihe,32.9952,105.3247,38.52,87,0,2.93,CN,2021-11-24 17:40:46
54,Ushuaia,-54.8,-68.3,49.66,53,75,23.02,AR,2021-11-24 17:37:37
55,Nalut,30.3333,10.85,69.33,39,81,7.45,LY,2021-11-24 17:40:46
56,Vestmanna,62.1564,-7.1664,36.52,75,75,36.82,FO,2021-11-24 17:40:47
57,Alice Springs,-23.7,133.8833,60.35,82,0,6.91,AU,2021-11-24 17:36:39
58,Aguililla,18.7333,-102.7333,80.22,43,3,3.67,MX,2021-11-24 17:40:47
59,Zyryanka,65.75,150.85,-11.74,98,100,5.53,RU,2021-11-24 17:40:48
60,Soller,39.7662,2.7152,55.02,77,38,1.01,ES,2021-11-24 17:40:48
61,Castro,-24.7911,-50.0119,84.49,36,76,3.96,BR,2021-11-24 17:40:48
62,Dzhebariki-Khaya,62.2167,135.8,-26.12,100,84,0.38,RU,2021-11-24 17:40:49
63,New Norfolk,-42.7826,147.0587,56.66,62,45,3.0,AU,2021-11-24 17:40:49
64,Romny,50.751,33.4747,29.1,88,59,9.28,UA,2021-11-24 17:40:49
65,Port Lincoln,-34.7333,135.8667,60.17,87,3,18.66,AU,2021-11-24 17:40:50
66,Mayo,38.8876,-76.5119,48.52,41,1,3.0,US,2021-11-24 17:31:26
67,Trat,12.5,102.5,72.97,87,80,6.46,TH,2021-11-24 17:40:50
68,Saint-Augustin,51.226,-58.6502,45.63,97,100,14.61,CA,2021-11-24 17:34:09
69,Waipawa,-41.4122,175.5153,52.43,79,45,4.63,NZ,2021-11-24 17:40:51
70,Port Alfred,-33.5906,26.891,62.49,72,98,10.45,ZA,2021-11-24 17:40:51
71,Avarua,-21.2078,-159.775,75.25,78,90,3.44,CK,2021-11-24 17:40:52
72,Vaijapur,19.9167,74.7333,76.84,59,11,7.92,IN,2021-11-24 17:40:52
73,General Pico,-35.6566,-63.7568,98.22,19,66,16.58,AR,2021-11-24 17:40:52
74,Airai,-8.9266,125.4092,62.35,92,71,0.02,TL,2021-11-24 17:40:53
75,Libenge,3.65,18.6333,78.15,47,4,3.24,CD,2021-11-24 17:40:53
76,Chicama,-7.8447,-79.1469,64.94,59,90,11.54,PE,2021-11-24 17:36:46
77,Tezu,27.9167,96.1667,62.22,65,16,4.0,IN,2021-11-24 17:40:54
78,Severo-Kurilsk,50.6789,156.125,38.01,98,100,16.82,RU,2021-11-24 17:40:54
79,Chokurdakh,70.6333,147.9167,-12.19,98,100,5.7,RU,2021-11-24 17:40:55
80,Norman Wells,65.282,-126.8329,-29.16,68,20,3.44,CA,2021-11-24 17:40:55
81,Sioux Lookout,50.1001,-91.917,19.78,86,90,11.5,CA,2021-11-24 17:35:29
82,Kapaa,22.0752,-159.319,70.12,83,40,5.75,US,2021-11-24 17:40:56
83,Margate,51.3813,1.3862,45.03,84,79,5.03,GB,2021-11-24 17:36:27
84,San Quintin,30.4833,-115.95,64.51,67,98,1.86,MX,2021-11-24 17:39:55
85,Pirovskoye,57.6267,92.2658,17.82,90,100,9.46,RU,2021-11-24 17:34:05
86,Puerto Ayora,-0.7393,-90.3518,80.56,69,81,10.51,EC,2021-11-24 17:40:56
87,Jamestown,42.097,-79.2353,43.72,41,1,5.01,US,2021-11-24 17:38:33
88,Bambous Virieux,-20.3428,57.7575,77.22,83,20,5.75,MU,2021-11-24 17:40:57
89,Albany,42.6001,-73.9662,40.8,49,1,7.27,US,2021-11-24 17:38:31
90,Kamenka,51.3223,42.7678,20.75,63,12,11.39,RU,2021-11-24 17:40:57
91,Inhambane,-23.865,35.3833,75.18,69,40,9.22,MZ,2021-11-24 17:37:58
92,Pemba,-12.974,40.5178,81.3,83,20,11.5,MZ,2021-11-24 17:41:58
93,Cabo San Lucas,22.8909,-109.9124,82.51,56,20,1.99,MX,2021-11-24 17:41:58
94,Sandwick,60.0,-1.25,44.42,70,40,32.21,GB,2021-11-24 17:41:59
95,Saint-Georges,12.0564,-61.7485,85.68,74,75,11.5,GD,2021-11-24 17:32:47
96,Port Blair,11.6667,92.75,81.07,85,99,12.55,IN,2021-11-24 17:38:37
97,Trinidad,-14.8333,-64.9,84.18,79,75,4.61,BO,2021-11-24 17:41:59
98,Isangel,-19.55,169.2667,73.87,88,100,13.4,VU,2021-11-24 17:42:00
99,Marsa Matruh,31.3525,27.2453,66.4,72,20,3.44,EG,2021-11-24 17:42:00
100,Nikolskoye,59.7035,30.7861,34.88,72,92,8.72,RU,2021-11-24 17:42:01
101,Benjamin Constant,-4.3831,-70.0311,84.33,83,75,3.44,BR,2021-11-24 17:42:01
102,Oriximina,-1.7656,-55.8661,94.12,40,88,4.92,BR,2021-11-24 17:42:02
103,Markova,48.6758,24.4138,27.99,84,7,3.51,UA,2021-11-24 17:42:02
104,Souillac,-20.5167,57.5167,77.36,83,20,5.75,MU,2021-11-24 17:42:03
105,Ust-Kuyga,70.0167,135.6,-35.9,100,98,8.77,RU,2021-11-24 17:42:03
106,Saskylakh,71.9167,114.0833,-13.81,93,73,10.92,RU,2021-11-24 17:42:03
107,Fairbanks,64.8378,-147.7164,-10.01,71,1,0.0,US,2021-11-24 17:40:03
108,Rincon,32.296,-81.2354,59.86,28,20,1.01,US,2021-11-24 17:42:04
109,Ilulissat,69.2167,-51.1,30.22,93,75,9.22,GL,2021-11-24 17:42:04
110,Daru,-9.0763,143.2092,79.93,86,96,3.8,PG,2021-11-24 17:42:05
111,Kodiak,57.79,-152.4072,18.91,68,90,18.41,US,2021-11-24 17:32:44
112,Cherskiy,68.75,161.3,-16.29,96,100,3.06,RU,2021-11-24 17:42:05
113,Arlit,18.7369,7.3853,83.43,13,0,6.53,NE,2021-11-24 17:42:06
114,Longyearbyen,78.2186,15.6401,1.24,60,20,13.8,SJ,2021-11-24 17:42:06
115,Chuy,-33.6971,-53.4616,80.8,30,0,9.04,UY,2021-11-24 17:42:06
116,Sao Felix Do Xingu,-6.6447,-51.995,90.41,47,66,1.59,BR,2021-11-24 17:42:07
117,Formby,53.5536,-3.0682,46.89,88,100,16.75,GB,2021-11-24 17:42:07
118,Caravelas,-17.7125,-39.2481,81.18,65,62,8.12,BR,2021-11-24 17:36:47
119,Huilong,31.8111,121.655,53.04,60,4,9.55,CN,2021-11-24 17:42:08
120,Portsmouth,50.799,-1.0913,45.1,89,82,3.91,GB,2021-11-24 17:42:08
121,Narsaq,60.9167,-46.05,32.22,98,100,10.36,GL,2021-11-24 17:42:08
122,Kvarkeno,52.0833,59.725,2.05,94,37,6.15,RU,2021-11-24 17:42:09
123,Constitucion,-35.3333,-72.4167,61.95,71,73,14.03,CL,2021-11-24 17:42:09
124,Marsh Harbour,26.5412,-77.0636,69.71,62,84,19.26,BS,2021-11-24 17:42:09
125,Kavaratti,10.5669,72.642,81.57,81,95,9.1,IN,2021-11-24 17:37:57
126,Shingu,33.7333,135.9833,46.51,76,4,6.6,JP,2021-11-24 17:42:10
127,Marsabit,2.3284,37.9899,76.19,37,22,7.4,KE,2021-11-24 17:42:10
128,Lompoc,34.6391,-120.4579,69.13,58,1,7.0,US,2021-11-24 17:42:10
129,Svetlogorsk,52.6333,29.7333,36.23,79,85,10.47,BY,2021-11-24 17:42:11
130,Ambon,-3.6954,128.1814,81.25,78,73,3.6,ID,2021-11-24 17:42:12
131,Rabat,33.9911,-6.8401,60.21,93,75,6.91,MA,2021-11-24 17:42:12
132,Kununurra,-15.7667,128.7333,84.18,65,40,9.22,AU,2021-11-24 17:42:12
133,Natchez,31.5604,-91.4032,66.25,52,1,13.8,US,2021-11-24 17:42:13
134,Berlevag,70.8578,29.0864,26.55,93,90,12.66,NO,2021-11-24 17:42:13
135,Arman,59.7,150.1667,12.27,76,29,9.57,RU,2021-11-24 17:42:13
136,Anadyr,64.75,177.4833,-14.01,75,0,11.01,RU,2021-11-24 17:43:14
137,Qena,26.1615,32.7183,69.91,27,59,7.29,EG,2021-11-24 17:43:14
138,Vardo,70.3705,31.1107,24.55,86,75,13.8,NO,2021-11-24 17:43:14
139,Manta,-0.95,-80.7333,80.38,74,20,10.36,EC,2021-11-24 17:42:20
140,Bethel,41.3712,-73.414,43.09,42,1,3.0,US,2021-11-24 17:43:15
141,Wladyslawowo,54.7909,18.4009,45.93,85,94,14.03,PL,2021-11-24 17:43:15
142,Agirish,61.9247,63.0231,14.4,88,95,10.63,RU,2021-11-24 17:43:16
143,Saint-Philippe,-21.3585,55.7679,78.39,79,55,10.18,RE,2021-11-24 17:43:16
144,Ewa Beach,21.3156,-158.0072,76.69,82,1,4.61,US,2021-11-24 17:43:16
145,Butaritari,3.0707,172.7902,82.0,67,70,15.82,KI,2021-11-24 17:43:17
146,Mount Gambier,-37.8333,140.7667,55.31,88,90,9.22,AU,2021-11-24 17:43:18
147,Antofagasta,-23.65,-70.4,70.21,52,23,9.4,CL,2021-11-24 17:43:18
148,Guerrero Negro,27.9769,-114.0611,69.3,63,2,8.28,MX,2021-11-24 17:43:18
149,Qaanaaq,77.484,-69.3632,-5.3,55,0,8.9,GL,2021-11-24 17:43:19
150,Kilindoni,-7.9139,39.6668,80.42,80,9,14.63,TZ,2021-11-24 17:43:19
151,Mar Del Plata,-38.0023,-57.5575,91.42,22,0,14.97,AR,2021-11-24 17:42:49
152,Zhangye,38.9342,100.4517,35.46,20,2,6.53,CN,2021-11-24 17:43:19
153,Hasaki,35.7333,140.8333,36.0,41,1,2.84,JP,2021-11-24 17:36:37
154,Qui Nhon,13.7667,109.2333,76.3,84,65,18.63,VN,2021-11-24 17:43:20
155,Saint-Paul,-21.0096,55.2707,78.91,80,9,1.99,RE,2021-11-24 17:43:20
156,Dikson,73.5069,80.5464,8.06,89,99,7.65,RU,2021-11-24 17:43:21
157,Iqaluit,63.7506,-68.5145,24.53,62,75,17.0,CA,2021-11-24 17:43:21
158,Bilma,18.6853,12.9164,81.05,16,21,6.76,NE,2021-11-24 17:43:21
159,Maniitsoq,65.4167,-52.9,31.19,75,98,8.77,GL,2021-11-24 17:36:47
160,Yellowknife,62.456,-114.3525,-9.58,92,20,10.36,CA,2021-11-24 17:43:22
161,Les Escoumins,48.1111,-69.0236,29.55,46,0,8.84,CA,2021-11-24 17:43:22
162,Nantucket,41.2835,-70.0995,43.25,50,1,19.57,US,2021-11-24 17:39:10
163,Sao Joao Da Barra,-21.6403,-41.0511,82.49,66,54,11.86,BR,2021-11-24 17:43:23
164,Kenai,60.5544,-151.2583,22.14,91,90,0.0,US,2021-11-24 17:43:23
165,Tuatapere,-46.1333,167.6833,49.28,78,96,4.16,NZ,2021-11-24 17:43:23
166,Marystown,47.1666,-55.1483,54.86,100,100,11.99,CA,2021-11-24 17:43:24
167,Pacific Grove,36.6177,-121.9166,63.1,49,1,3.0,US,2021-11-24 17:43:16
168,Upata,8.0086,-62.3989,84.04,59,84,5.46,VE,2021-11-24 17:43:24
169,Ribeira Grande,38.5167,-28.7,66.6,77,75,26.46,PT,2021-11-24 17:43:25
170,Imbituba,-28.24,-48.6703,73.29,62,32,11.1,BR,2021-11-24 17:38:50
171,Saint-Joseph,-21.3667,55.6167,77.38,79,61,4.5,RE,2021-11-24 17:43:25
172,Umm Lajj,25.0213,37.2685,78.4,55,4,8.81,SA,2021-11-24 17:43:26
173,San Patricio,28.017,-97.5169,82.49,60,98,20.13,US,2021-11-24 17:43:26
174,Plettenberg Bay,-34.0527,23.3716,60.8,76,73,13.62,ZA,2021-11-24 17:43:26
175,Ifanadiana,-21.3,47.6333,74.86,75,93,4.27,MG,2021-11-24 17:43:27
176,Gallup,35.5281,-108.7426,45.36,81,75,1.01,US,2021-11-24 17:43:27
177,Bachaquero,9.9694,-71.1494,80.76,80,92,3.89,VE,2021-11-24 17:43:12
178,Port Elizabeth,-33.918,25.5701,62.89,77,20,9.22,ZA,2021-11-24 17:43:28
179,Cairns,-16.9167,145.7667,79.07,88,75,1.14,AU,2021-11-24 17:43:28
180,Sweetwater,25.7634,-80.3731,77.02,55,40,5.99,US,2021-11-24 17:42:13
181,Aguilas,37.4063,-1.5829,57.06,47,34,8.01,ES,2021-11-24 17:43:23
182,Nouakchott,18.0858,-15.9785,100.33,32,100,7.92,MR,2021-11-24 17:44:29
183,Staryy Nadym,65.6118,72.6842,0.95,97,97,7.78,RU,2021-11-24 17:44:29
184,Oranjemund,-28.55,16.4333,61.56,86,68,13.85,NA,2021-11-24 17:44:30
185,Mahebourg,-20.4081,57.7,77.25,83,20,5.75,MU,2021-11-24 17:44:30
186,Dunedin,-45.8742,170.5036,52.99,87,100,2.82,NZ,2021-11-24 17:44:30
187,Khatanga,71.9667,102.5,-11.04,95,62,4.54,RU,2021-11-24 17:44:31
188,Grindavik,63.8424,-22.4338,30.67,80,90,3.44,IS,2021-11-24 17:44:31
189,Katsuura,35.1333,140.3,51.91,68,0,9.91,JP,2021-11-24 17:44:32
190,Jeannette,40.3281,-79.6153,46.76,44,1,4.0,US,2021-11-24 17:44:32
191,Victoria,22.2855,114.1577,67.24,77,4,1.01,HK,2021-11-24 17:42:12
192,Sao Filipe,14.8961,-24.4956,79.68,67,19,2.26,CV,2021-11-24 17:44:33
193,Havelock,34.8791,-76.9013,51.06,40,1,3.0,US,2021-11-24 17:40:13
194,Nianzishan,47.5167,122.8833,10.63,70,11,9.08,CN,2021-11-24 17:44:33
195,Coihaique,-45.5752,-72.0662,66.4,51,74,13.13,CL,2021-11-24 17:44:33
196,Hovd,48.0056,91.6419,27.81,53,54,8.86,MN,2021-11-24 17:44:34
197,Klaksvik,62.2266,-6.589,38.32,84,98,48.74,FO,2021-11-24 17:44:34
198,Sobolevo,54.4299,31.8996,33.37,91,96,14.41,RU,2021-11-24 17:44:35
199,Barrow,71.2906,-156.7887,-2.18,78,90,11.5,US,2021-11-24 17:44:35
200,Rocha,-34.4833,-54.3333,85.53,25,0,11.63,UY,2021-11-24 17:44:35
201,Bambanglipuro,-7.95,110.2833,78.55,87,76,3.76,ID,2021-11-24 17:44:36
202,Lavrentiya,65.5833,-171.0,-4.41,91,22,8.32,RU,2021-11-24 17:44:36
203,Terney,45.0503,136.6092,18.68,74,24,7.58,RU,2021-11-24 17:44:37
204,Morant Bay,17.8815,-76.4093,89.22,64,47,10.38,JM,2021-11-24 17:44:37
205,Lata,40.1629,-8.3327,54.01,83,7,5.23,PT,2021-11-24 17:44:38
206,Kesinga,20.2,83.2333,70.09,74,12,1.36,IN,2021-11-24 17:44:38
207,Nabire,-3.3667,135.4833,75.18,92,98,2.37,ID,2021-11-24 17:44:38
208,Arraial Do Cabo,-22.9661,-42.0278,80.56,73,0,12.66,BR,2021-11-24 17:44:39
209,Georgetown,5.4112,100.3354,84.13,90,40,1.01,MY,2021-11-24 17:42:42
210,Ponta Do Sol,32.6667,-17.1,66.83,59,85,10.07,PT,2021-11-24 17:44:39
211,Kisoro,-1.2854,29.685,59.14,92,83,3.04,UG,2021-11-24 17:44:40
212,Namibe,-15.1961,12.1522,71.13,63,2,14.52,AO,2021-11-24 17:44:40
213,Roald,62.5833,6.1333,41.9,93,75,8.05,NO,2021-11-24 17:44:40
214,Yerbogachen,61.2767,108.0108,11.16,95,91,6.24,RU,2021-11-24 17:36:45
215,Yulara,-25.2406,130.9889,60.64,67,0,8.05,AU,2021-11-24 17:44:41
216,Hami,42.8,93.45,26.56,66,13,3.8,CN,2021-11-24 17:44:41
217,Evensk,61.95,159.2333,3.0,85,97,5.75,RU,2021-11-24 17:44:42
218,Cayenne,4.9333,-52.3333,87.84,79,40,5.01,GF,2021-11-24 17:44:42
219,Gravdal,68.1214,13.5031,29.88,63,20,5.75,NO,2021-11-24 17:44:43
220,Walvis Bay,-22.9575,14.5053,62.1,82,90,9.22,NA,2021-11-24 17:44:43
221,Saint Anthony,45.0205,-93.218,49.24,61,1,5.01,US,2021-11-24 17:44:43
222,Tuktoyaktuk,69.4541,-133.0374,-23.8,76,1,4.61,CA,2021-11-24 17:44:44
223,Natal,-5.795,-35.2094,90.25,62,75,16.11,BR,2021-11-24 17:44:44
224,Padang,-0.9492,100.3543,77.05,71,99,3.04,ID,2021-11-24 17:44:44
225,Luba,3.4568,8.5547,82.29,84,79,8.41,GQ,2021-11-24 17:44:45
226,Sheridan,44.8333,-106.9173,31.01,72,90,1.99,US,2021-11-24 17:44:45
227,Roma,43.2128,-75.4557,44.08,63,1,0.0,US,2021-11-24 17:41:38
228,Kholtoson,50.2981,103.3097,9.73,90,31,3.62,RU,2021-11-24 17:45:46
229,Klyuchevskiy,53.5317,119.4519,0.3,88,100,2.48,RU,2021-11-24 17:45:46
230,Grand Gaube,-20.0064,57.6608,77.38,71,7,4.0,MU,2021-11-24 17:45:47
231,Port-Gentil,-0.7193,8.7815,82.36,78,40,13.8,GA,2021-11-24 17:45:47
232,Nanortalik,60.1432,-45.2371,38.55,95,100,15.32,GL,2021-11-24 17:45:48
233,Coquimbo,-29.9533,-71.3436,64.08,62,40,6.91,CL,2021-11-24 17:36:39
234,San Francisco Menendez,13.8431,-90.0158,87.87,34,93,2.19,SV,2021-11-24 17:45:48
235,Tiksi,71.6872,128.8694,-13.02,94,56,5.93,RU,2021-11-24 17:45:49
236,East London,-33.0153,27.9116,61.74,77,40,6.91,ZA,2021-11-24 17:45:49
237,Faanui,-16.4833,-151.75,80.38,73,14,5.26,PF,2021-11-24 17:45:49
238,Vanavara,60.34,102.2797,18.09,93,100,9.55,RU,2021-11-24 17:45:50
239,Stephenville,32.2207,-98.2023,69.89,68,90,10.36,US,2021-11-24 17:42:01
240,Kuala Terengganu,5.3302,103.1408,78.75,94,40,3.44,MY,2021-11-24 17:45:50
241,Ekhabi,53.5102,142.9671,28.8,97,97,2.86,RU,2021-11-24 17:45:51
242,Silifke,36.3778,33.9344,61.39,85,36,4.32,TR,2021-11-24 17:45:51
243,Visaginas,55.6,26.4167,37.8,87,100,9.24,LT,2021-11-24 17:45:51
244,Mana,5.6592,-53.7767,84.74,68,60,8.84,GF,2021-11-24 17:45:52
245,Lebedinyy,58.5167,125.5167,-13.68,89,81,3.49,RU,2021-11-24 17:45:52
246,Saint George,37.1041,-113.5841,57.67,28,1,1.01,US,2021-11-24 17:41:02
247,Karakol,42.4907,78.3936,26.33,52,2,6.24,KG,2021-11-24 17:45:53
248,Leningradskiy,69.3833,178.4167,-14.94,93,100,4.18,RU,2021-11-24 17:45:53
249,Chatra,24.2167,84.8667,53.58,41,0,3.31,IN,2021-11-24 17:45:54
250,Katangli,51.7102,143.2326,33.28,86,92,13.69,RU,2021-11-24 17:45:54
251,Palatka,29.6486,-81.6376,69.12,54,9,8.5,US,2021-11-24 17:45:54
252,Ugoofaaru,5.6667,73.0,78.19,84,100,15.9,MV,2021-11-24 17:45:55
253,Morondava,-20.2833,44.2833,80.53,81,25,9.93,MG,2021-11-24 17:45:55
254,Stornoway,58.2093,-6.3865,42.04,79,40,13.0,GB,2021-11-24 17:45:56
255,Nemuro,43.3236,145.575,38.43,55,43,12.68,JP,2021-11-24 17:45:56
256,Pangnirtung,66.1451,-65.7125,19.4,79,90,5.75,CA,2021-11-24 17:45:56
257,Shirgaon,19.7,72.7,80.62,65,4,8.21,IN,2021-11-24 17:45:57
258,Morbegno,46.1383,9.57,47.98,90,13,3.49,IT,2021-11-24 17:45:57
259,Husavik,66.0449,-17.3389,24.71,79,100,5.32,IS,2021-11-24 17:45:57
260,Gizo,-8.103,156.8419,81.43,77,77,4.68,SB,2021-11-24 17:45:58
261,Umea,63.8284,20.2597,24.73,93,90,3.44,SE,2021-11-24 17:45:58
262,San Rafael,-34.6177,-68.3301,69.4,67,65,28.74,AR,2021-11-24 17:36:40
263,Hambantota,6.1241,81.1185,78.08,85,100,2.64,LK,2021-11-24 17:45:58
264,Crestview,30.7621,-86.5705,63.81,29,1,1.99,US,2021-11-24 17:42:16
265,Ewo,-0.8725,14.8206,74.25,84,97,1.92,CG,2021-11-24 17:45:59
266,Troitsko-Pechorsk,62.7084,56.1964,1.44,97,89,4.99,RU,2021-11-24 17:45:59
267,Aginskoye,51.1,114.53,4.44,94,79,2.35,RU,2021-11-24 17:46:00
268,Ostrovnoy,68.0531,39.5131,27.64,62,93,19.86,RU,2021-11-24 17:46:00
269,Smithers,54.7804,-127.1743,30.52,86,90,6.91,CA,2021-11-24 17:45:06
270,Zhezkazgan,47.8043,67.7144,37.27,78,100,9.91,KZ,2021-11-24 17:46:01
271,Maumere,-8.6199,122.2111,81.1,76,97,3.15,ID,2021-11-24 17:47:02
272,Massakory,12.996,15.7293,86.02,13,4,10.58,TD,2021-11-24 17:47:02
273,Brookings,44.3114,-96.7984,32.34,84,75,23.02,US,2021-11-24 17:46:54
274,Russell,32.3502,-85.1999,61.38,21,1,10.36,US,2021-11-24 17:47:03
275,Leh,34.1667,77.5833,19.96,73,63,0.76,IN,2021-11-24 17:47:03
276,Beruwala,6.4788,79.9828,76.15,93,99,3.98,LK,2021-11-24 17:47:04
277,Casma,-41.0082,-73.1244,73.45,45,81,1.59,CL,2021-11-24 17:47:04
278,Alekseyevka,50.6309,38.6903,25.0,64,30,11.52,RU,2021-11-24 17:47:05
279,Talnakh,69.4865,88.3972,10.89,94,99,7.58,RU,2021-11-24 17:47:05
280,Thompson,55.7435,-97.8558,-3.84,77,20,13.8,CA,2021-11-24 17:47:05
281,Tautira,-17.7333,-149.15,82.42,77,78,7.94,PF,2021-11-24 17:47:06
282,Bull Savanna,17.8868,-77.5902,82.83,56,99,5.5,JM,2021-11-24 17:47:06
283,Olavarria,-36.8927,-60.3225,96.91,19,0,14.23,AR,2021-11-24 17:47:07
284,Kashan,33.9831,51.4364,57.04,46,7,0.65,IR,2021-11-24 17:47:07
285,Konevo,62.1215,39.3192,23.81,96,100,2.77,RU,2021-11-24 17:47:07
286,Poum,-20.2333,164.0167,76.41,78,20,11.05,NC,2021-11-24 17:47:08
287,Olinda,-8.0089,-34.8553,85.73,66,40,9.22,BR,2021-11-24 17:47:08
288,San Gavino Monreale,39.5514,8.7917,62.46,89,73,4.7,IT,2021-11-24 17:47:09
289,Westport,41.1415,-73.3579,44.28,35,1,3.0,US,2021-11-24 17:43:42
290,Alyangula,-13.8483,136.4192,84.07,70,93,9.22,AU,2021-11-24 17:47:09
291,Caconda,-13.7333,15.0667,68.88,64,73,6.89,AO,2021-11-24 17:47:09
292,Bireun,5.203,96.7009,76.82,87,100,7.54,ID,2021-11-24 17:47:10
293,Seoul,37.5683,126.9778,48.61,81,75,3.44,KR,2021-11-24 17:43:39
294,Aquiles Serdan,17.7833,-92.2833,81.03,74,8,7.02,MX,2021-11-24 17:47:10
295,Beringovskiy,63.05,179.3167,-4.63,83,100,5.19,RU,2021-11-24 17:47:11
296,Esperance,-33.8667,121.9,53.44,80,12,2.55,AU,2021-11-24 17:47:11
297,Khovu-Aksy,51.1333,93.6,12.42,85,89,4.65,RU,2021-11-24 17:47:11
298,Santa Cruz,-17.8,-63.1667,80.65,74,75,5.75,BO,2021-11-24 17:47:12
299,Acapulco,16.8634,-99.8901,84.81,65,18,4.14,MX,2021-11-24 17:46:20
300,Whitehorse,60.7161,-135.0538,11.17,84,90,8.01,CA,2021-11-24 17:47:12
301,Taltal,-25.4,-70.4833,67.17,63,15,7.83,CL,2021-11-24 17:45:24
302,Lamar,33.6668,-95.5836,69.46,68,90,13.8,US,2021-11-24 17:47:13
303,Zhigalovo,54.8097,105.1578,20.53,96,100,3.29,RU,2021-11-24 17:47:13
304,Lentekhi,42.7856,42.7261,37.92,97,100,2.98,GE,2021-11-24 17:47:13
305,Rio Grande,-32.035,-52.0986,80.71,49,0,11.45,BR,2021-11-24 17:47:14
306,Bogorodskoye,56.55,37.8833,32.67,97,100,15.79,RU,2021-11-24 17:47:14
307,Chimore,-16.9833,-65.1333,82.83,71,100,3.78,BO,2021-11-24 17:47:15
308,Huntsville,34.7304,-86.5861,60.13,36,1,3.0,US,2021-11-24 17:45:07
309,Tazovskiy,67.4667,78.7,6.22,94,100,10.29,RU,2021-11-24 17:47:16
310,Mitchell,43.7094,-98.0298,31.98,74,90,25.32,US,2021-11-24 17:44:11
311,Pimenta Bueno,-11.6725,-61.1936,88.34,58,99,3.91,BR,2021-11-24 17:47:16
312,Torbay,47.6666,-52.7314,51.28,98,90,18.41,CA,2021-11-24 17:47:17
313,Teguldet,57.3064,88.1667,19.83,93,100,9.53,RU,2021-11-24 17:47:17
314,Sangar,63.9242,127.4739,-20.09,96,100,0.74,RU,2021-11-24 17:47:18
315,Lagoa,39.05,-27.9833,63.55,81,92,35.21,PT,2021-11-24 17:48:18
316,Petatlan,17.5167,-101.2667,86.49,61,0,4.47,MX,2021-11-24 17:48:19
317,Mutis,6.2262,-77.4044,79.34,85,95,7.09,CO,2021-11-24 17:48:20
318,Jalu,29.0331,21.5482,71.46,29,69,7.36,LY,2021-11-24 17:48:20
319,Leshukonskoye,64.8989,45.7622,14.32,96,100,3.6,RU,2021-11-24 17:48:20
320,The Pas,53.8251,-101.2541,-2.18,78,90,11.5,CA,2021-11-24 17:48:21
321,Saint-Pierre,-21.3393,55.4781,78.48,71,90,6.91,RE,2021-11-24 17:48:21
322,General Roca,-39.0333,-67.5833,90.0,15,35,4.99,AR,2021-11-24 17:48:21
323,Hammerfest,70.6634,23.6821,21.65,93,20,0.0,NO,2021-11-24 17:48:22
324,San Pedro,14.35,121.0167,81.63,73,75,3.44,PH,2021-11-24 17:48:22
325,Karaton,-6.3424,106.1045,81.95,88,99,3.8,ID,2021-11-24 17:48:22
326,Ingham,42.6,-84.3833,49.86,49,1,12.66,US,2021-11-24 17:48:23
327,Lakes Entrance,-37.8811,147.981,64.58,95,99,1.77,AU,2021-11-24 17:48:23
328,Kargasok,59.0556,80.8572,14.18,92,96,9.6,RU,2021-11-24 17:48:24
329,Boa Vista,2.8197,-60.6733,91.38,46,40,10.36,BR,2021-11-24 17:48:24
330,Ancud,-41.8697,-73.8203,66.42,87,97,11.03,CL,2021-11-24 17:48:24
331,Shimoda,34.6667,138.95,48.31,68,0,26.75,JP,2021-11-24 17:48:25
332,Lorengau,-2.0226,147.2712,80.8,79,84,3.33,PG,2021-11-24 17:48:25
333,Puerto Baquerizo Moreno,-0.9,-89.6,74.39,73,20,14.97,EC,2021-11-24 17:48:26
334,Pochutla,15.7432,-96.4661,88.83,44,0,6.69,MX,2021-11-24 17:48:26
335,Bone,51.9669,12.1396,43.47,85,27,4.76,DE,2021-11-24 17:48:26
336,Makakilo City,21.3469,-158.0858,75.29,83,1,4.61,US,2021-11-24 17:48:27
337,Carnarvon,-24.8667,113.6333,71.67,73,0,8.05,AU,2021-11-24 17:48:27
338,Sungaipenuh,-2.0833,101.3833,64.54,84,97,1.32,ID,2021-11-24 17:48:28
339,Dudinka,69.4058,86.1778,14.18,91,100,13.6,RU,2021-11-24 17:48:28
340,Mahon,39.8885,4.2658,57.76,62,40,16.11,ES,2021-11-24 17:48:29
341,Orlik,52.5178,99.825,-1.14,95,39,3.71,RU,2021-11-24 17:48:29
342,Atar,20.5169,-13.0499,89.91,20,100,8.01,MR,2021-11-24 17:48:29
343,Henties Bay,-22.116,14.2845,61.86,83,41,6.29,NA,2021-11-24 17:48:30
344,Touros,-5.1989,-35.4608,90.5,63,41,14.61,BR,2021-11-24 17:48:30
345,Assiniboia,49.6334,-105.9845,10.31,66,100,8.05,CA,2021-11-24 17:48:30
346,Sembe,1.6481,14.5806,75.33,77,90,2.13,CG,2021-11-24 17:48:31
347,Cockburn Town,21.4612,-71.1419,80.2,64,84,17.45,TC,2021-11-24 17:48:31
348,Sur,22.5667,59.5289,79.32,37,6,4.29,OM,2021-11-24 17:48:32
349,Hualmay,-11.0964,-77.6139,70.59,73,97,10.47,PE,2021-11-24 17:48:32
350,Catuday,16.2923,119.8062,78.94,74,57,9.66,PH,2021-11-24 17:48:32
351,Trelew,-43.249,-65.3051,88.34,19,2,17.58,AR,2021-11-24 17:48:33
352,Lasa,46.6166,10.7002,41.88,76,1,2.3,IT,2021-11-24 17:48:33
353,Belaya,49.029,25.7706,40.98,82,51,4.27,UA,2021-11-24 17:48:34
354,Jumla,29.2747,82.1838,39.54,58,0,4.14,NP,2021-11-24 17:48:34
355,Tokur,53.1333,132.9,6.57,98,44,4.72,RU,2021-11-24 17:48:34
356,Bogatynia,50.9075,14.9563,40.87,81,58,4.5,PL,2021-11-24 17:48:35
357,Geraldton,-28.7667,114.6,59.41,72,0,5.75,AU,2021-11-24 17:47:32
358,Neuquen,-38.9516,-68.0591,89.49,27,20,3.44,AR,2021-11-24 17:44:02
359,Mount Isa,-20.7333,139.5,74.97,64,90,12.66,AU,2021-11-24 17:48:36
360,Andrelandia,-21.7397,-44.3092,80.6,44,100,5.57,BR,2021-11-24 17:49:36
361,Alofi,-19.0595,-169.9187,67.89,94,59,0.0,NU,2021-11-24 17:49:36
362,Yumen,40.2833,97.2,29.57,28,8,13.69,CN,2021-11-24 17:49:37
363,Banda Aceh,5.5577,95.3222,76.46,87,100,7.9,ID,2021-11-24 17:49:37
364,Meadow Lake,34.8014,-106.5436,56.17,57,89,10.18,US,2021-11-24 17:45:07
365,Vestmannaeyjar,63.4427,-20.2734,31.19,74,0,13.8,IS,2021-11-24 17:49:38
366,Lewiston,44.1003,-70.2148,41.49,44,1,18.41,US,2021-11-24 17:49:38
367,Ati,13.2154,18.3353,83.48,11,8,9.26,TD,2021-11-24 17:49:38
368,Port-Cartier,50.0334,-66.8654,37.51,50,19,14.83,CA,2021-11-24 17:49:39
369,Nouadhibou,20.931,-17.0347,82.38,51,99,11.5,MR,2021-11-24 17:49:39
370,Praya,14.9215,-23.5087,84.74,51,0,9.22,CV,2021-11-24 17:49:40
371,Ahipara,-35.1667,173.1667,58.5,90,69,3.24,NZ,2021-11-24 17:49:40
372,Dungarpur,23.8333,73.7167,72.36,33,4,3.33,IN,2021-11-24 17:49:40
373,Kiama,-34.6833,150.8667,69.39,94,100,1.99,AU,2021-11-24 17:49:41
374,Gat,31.61,34.7642,65.8,100,47,5.75,IL,2021-11-24 17:49:41
375,Riyadh,24.6877,46.7219,68.14,33,0,7.07,SA,2021-11-24 17:49:41
376,San Javier,37.8063,-0.8374,55.98,50,20,2.3,ES,2021-11-24 17:49:42
377,Sorrento,40.626,14.3744,60.37,84,75,4.61,IT,2021-11-24 17:49:42
378,Billings,45.7833,-108.5007,30.29,87,90,10.36,US,2021-11-24 17:49:38
379,New Ross,52.3967,-6.9367,42.64,46,90,8.16,IE,2021-11-24 17:49:43
380,Bogale,16.2833,95.4,76.03,84,60,1.9,MM,2021-11-24 17:49:43
381,Luderitz,-26.6481,15.1594,64.78,72,5,17.74,NA,2021-11-24 17:49:43
382,Mega,4.05,38.3,67.53,37,13,7.09,ET,2021-11-24 17:49:44
383,Mehamn,71.0357,27.8492,28.58,80,40,18.41,NO,2021-11-24 17:49:44
384,Kruisfontein,-34.0033,24.7314,58.89,78,65,5.61,ZA,2021-11-24 17:49:45
385,Buchanan,5.8808,-10.0467,85.96,76,42,7.56,LR,2021-11-24 17:49:45
386,Hamilton,39.1834,-84.5333,53.37,45,1,1.99,US,2021-11-24 17:49:45
387,Kirakira,-10.4544,161.9205,79.41,84,49,8.77,SB,2021-11-24 17:49:46
388,Bentiu,9.2333,29.8333,85.35,25,21,4.41,SS,2021-11-24 17:49:46
389,Sinnamary,5.3833,-52.95,83.89,72,40,8.28,GF,2021-11-24 17:49:46
390,Alta Floresta,-9.8756,-56.0861,89.42,66,40,4.61,BR,2021-11-24 17:49:47
391,Wysokie Mazowieckie,52.9166,22.5171,42.37,87,100,9.89,PL,2021-11-24 17:46:24
392,Tura,25.5198,90.2201,59.61,62,0,3.33,IN,2021-11-24 17:49:47
393,Balikpapan,-1.2675,116.8289,74.86,92,90,4.41,ID,2021-11-24 17:49:48
394,Phangnga,8.4509,98.5298,77.11,94,84,3.76,TH,2021-11-24 17:49:48
395,Opelika,32.6454,-85.3783,58.84,30,1,6.91,US,2021-11-24 17:49:48
396,Pionki,51.476,21.4499,41.09,64,94,6.71,PL,2021-11-24 17:49:49
397,Loughrea,53.1969,-8.5669,40.05,90,57,6.17,IE,2021-11-24 17:49:49
398,Adeje,28.1227,-16.726,71.56,76,40,12.66,ES,2021-11-24 17:49:49
399,Erenhot,43.6475,111.9767,23.79,56,7,7.76,CN,2021-11-24 17:49:50
400,Kanniyakumari,8.0833,77.5667,77.58,73,100,5.44,IN,2021-11-24 17:49:50
401,Comodoro Rivadavia,-45.8667,-67.5,64.26,52,20,8.05,AR,2021-11-24 17:45:01
402,Disna,55.568,28.1971,36.84,88,91,10.78,BY,2021-11-24 17:49:51
403,Fujin,47.26,132.0322,16.03,95,100,6.82,CN,2021-11-24 17:49:51
404,Port Hedland,-20.3167,118.5667,80.65,54,100,6.91,AU,2021-11-24 17:49:51
405,Khandyga,62.6667,135.6,-22.81,100,100,0.6,RU,2021-11-24 17:49:52
406,San Cristobal,7.7669,-72.225,75.38,81,85,3.58,VE,2021-11-24 17:47:41
407,Dalian,38.9122,121.6022,48.61,86,0,4.47,CN,2021-11-24 17:49:52
408,Mackenzie,55.2999,-123.1698,28.62,93,90,12.66,CA,2021-11-24 17:49:52
409,Kalmar,56.6616,16.3616,45.14,89,75,9.22,SE,2021-11-24 17:50:53
410,Parkes,-33.1333,148.1833,69.35,80,100,9.19,AU,2021-11-24 17:50:53
411,Vila,42.0304,-8.1588,44.92,79,100,5.93,PT,2021-11-24 17:50:53
412,Broome,42.2506,-75.833,43.63,60,1,1.01,US,2021-11-24 17:50:54
413,Pundaguitan,6.3711,126.1689,77.31,91,100,4.23,PH,2021-11-24 17:50:54
414,Yar-Sale,66.8333,70.8333,3.25,95,99,3.36,RU,2021-11-24 17:50:55
415,Atikokan,48.7555,-91.6216,30.61,80,100,10.0,CA,2021-11-24 17:50:55
416,Clarence Town,-32.5833,151.7833,69.85,99,100,3.09,AU,2021-11-24 17:50:55
417,Great Yarmouth,52.6083,1.7305,43.45,81,92,6.8,GB,2021-11-24 17:50:56
418,Dwarka,22.2394,68.9678,76.59,60,0,7.0,IN,2021-11-24 17:50:56
419,Mackay,-21.15,149.2,78.78,83,40,8.05,AU,2021-11-24 17:50:57
420,La Ronge,55.1001,-105.2842,-7.35,59,20,3.44,CA,2021-11-24 17:50:57
421,Tarata,-17.6167,-66.0167,64.08,62,100,5.37,BO,2021-11-24 17:50:58
422,Udachnyy,66.4167,112.4,-13.25,93,99,7.49,RU,2021-11-24 17:50:58
423,Mangrol,21.1167,70.1167,78.21,55,2,9.1,IN,2021-11-24 17:50:58
424,Ulenurme,58.3162,26.7252,34.21,93,45,8.05,EE,2021-11-24 17:50:59
425,Kampot,10.6167,104.1833,75.88,88,100,9.4,KH,2021-11-24 17:50:59
426,Ulaangom,49.9811,92.0667,13.05,84,33,1.97,MN,2021-11-24 17:50:59
427,Urubicha,-15.3833,-62.95,74.07,97,100,1.81,BO,2021-11-24 17:51:00
428,Ozernovskiy,51.5,156.5167,37.74,96,100,12.64,RU,2021-11-24 17:51:00
429,Yangshan,28.7615,115.0287,45.61,49,77,2.8,CN,2021-11-24 17:51:01
430,Warrington,53.3925,-2.5802,46.87,88,75,4.0,GB,2021-11-24 17:46:43
431,Sabratah,32.7933,12.4885,69.55,57,20,2.73,LY,2021-11-24 17:51:01
432,Erzin,36.9559,36.2,57.72,67,35,2.62,TR,2021-11-24 17:51:01
433,Viedma,-40.8135,-62.9967,83.57,26,7,11.61,AR,2021-11-24 17:51:02
434,Jeremie,18.65,-74.1167,82.53,71,32,8.55,HT,2021-11-24 17:51:03
435,Santiago Del Estero,-27.7951,-64.2615,87.66,46,68,17.81,AR,2021-11-24 17:51:03
436,Marietta,33.9526,-84.5499,57.49,35,40,5.75,US,2021-11-24 17:51:03
437,Labuhan,-6.8844,112.2051,79.77,82,100,7.02,ID,2021-11-24 17:51:04
438,Kintinku,-5.8833,35.2333,89.17,40,58,2.73,TZ,2021-11-24 17:51:04
439,Innisfail,-17.5333,146.0333,75.6,92,87,2.66,AU,2021-11-24 17:51:05
440,Portland,45.5234,-122.6762,44.91,94,90,1.01,US,2021-11-24 17:49:36
441,Emba,48.8264,58.1442,20.93,88,100,13.65,KZ,2021-11-24 17:51:05
442,Vao,-22.6667,167.4833,74.8,78,100,8.23,NC,2021-11-24 17:51:06
443,Navoloki,57.4657,41.9634,25.16,95,100,13.11,RU,2021-11-24 17:51:06
444,Iquique,-20.2208,-70.1431,68.2,66,94,9.01,CL,2021-11-24 17:46:35
445,Turka,49.1541,23.0297,31.26,95,9,4.68,UA,2021-11-24 17:51:06
446,South Venice,27.0531,-82.4243,74.98,50,1,14.97,US,2021-11-24 17:51:07
447,Deputatskiy,69.3,139.9,-30.35,99,63,5.79,RU,2021-11-24 17:51:07
448,Zemio,5.0314,25.1361,76.06,42,0,1.05,CF,2021-11-24 17:51:07
449,Nzega,-2.479,29.5564,57.78,94,94,1.97,RW,2021-11-24 17:51:08
450,Monrovia,6.3005,-10.7969,85.77,75,95,9.4,LR,2021-11-24 17:51:08
451,Manaus,-3.1019,-60.025,91.9,62,40,5.75,BR,2021-11-24 17:47:01
452,Rock Springs,41.5875,-109.2029,36.05,55,90,7.0,US,2021-11-24 17:51:09
453,Urumqi,43.801,87.6005,25.75,69,9,4.47,CN,2021-11-24 17:48:04
454,Van,38.4924,43.3831,41.7,61,77,4.29,TR,2021-11-24 17:52:09
455,Maragogi,-9.0122,-35.2225,84.16,63,8,12.06,BR,2021-11-24 17:52:09
456,San,13.3034,-4.8956,89.91,15,35,8.9,ML,2021-11-24 17:52:10
457,Key West,24.5557,-81.7826,75.0,64,1,11.5,US,2021-11-24 17:49:08
458,Lebane,42.9239,21.7375,45.64,74,39,0.76,RS,2021-11-24 17:52:10
459,Santo Domingo,18.5001,-69.9886,89.24,58,40,6.91,DO,2021-11-24 17:50:29
460,Kaitangata,-46.2817,169.8464,48.83,79,100,3.53,NZ,2021-11-24 17:52:11
461,Singkawang,0.9,109.0,76.33,92,100,1.9,ID,2021-11-24 17:52:11
462,Pangkalanbuun,-2.6833,111.6167,73.29,93,99,2.19,ID,2021-11-24 17:52:11
463,Glossop,53.4432,-1.949,45.54,88,99,4.88,GB,2021-11-24 17:52:12
464,Paharpur,32.1038,70.9724,65.95,17,6,3.76,PK,2021-11-24 17:52:12
465,Eureka,40.8021,-124.1637,47.25,89,47,6.49,US,2021-11-24 17:52:13
466,Pitimbu,-7.4706,-34.8086,88.39,65,21,9.62,BR,2021-11-24 17:52:13
467,Dawei,14.0833,98.2,73.89,84,83,5.99,MM,2021-11-24 17:52:13
468,Denpasar,-8.65,115.2167,78.46,88,20,2.3,ID,2021-11-24 17:47:48
469,Zyryanovsk,49.7386,84.2719,30.24,98,100,1.7,KZ,2021-11-24 17:52:14
470,Dingle,10.9995,122.6711,77.34,93,93,7.36,PH,2021-11-24 17:52:14
471,Muros,42.7762,-9.0603,55.83,71,50,13.53,ES,2021-11-24 17:52:14
472,Saint Simons,31.1352,-81.3901,63.12,43,1,13.8,US,2021-11-24 17:52:15
473,Beira,-19.8436,34.8389,80.69,74,75,17.0,MZ,2021-11-24 17:52:15
474,Ixtapa,20.7,-105.2,82.22,68,19,5.99,MX,2021-11-24 17:52:15
475,Utiel,39.5667,-1.2,44.65,73,79,17.92,ES,2021-11-24 17:52:16
476,Huarmey,-10.0681,-78.1522,71.58,75,82,10.67,PE,2021-11-24 17:52:16
477,Bengkulu,-3.8004,102.2655,75.56,78,98,4.41,ID,2021-11-24 17:52:16
478,Capreni,44.75,23.6167,42.28,81,100,4.29,RO,2021-11-24 17:52:17
479,Fochville,-26.4886,27.4939,76.23,32,50,5.79,ZA,2021-11-24 17:52:17
480,Oistins,13.0667,-59.5333,87.89,66,40,13.8,BB,2021-11-24 17:52:17
481,Curuca,-0.7289,-47.8481,79.93,87,69,6.22,BR,2021-11-24 17:52:18
482,Haines Junction,60.7522,-137.5108,-2.25,78,100,0.0,CA,2021-11-24 17:52:18
483,Quesnel,52.9999,-122.5029,28.9,93,90,5.75,CA,2021-11-24 17:52:19
484,Taoudenni,22.6783,-3.9836,85.12,27,57,4.74,ML,2021-11-24 17:52:19
485,Komsomolskiy,40.4272,71.7189,44.02,52,48,2.3,UZ,2021-11-24 17:52:20
486,Santarem,-2.4431,-54.7083,87.93,84,20,6.91,BR,2021-11-24 17:52:20
487,Dong Hoi,17.4833,106.6,64.65,81,98,11.21,VN,2021-11-24 17:49:18
488,Aklavik,68.2191,-135.0107,-18.4,76,75,5.75,CA,2021-11-24 17:52:20
489,Gorgan,36.8387,54.4348,48.16,81,0,4.61,IR,2021-11-24 17:52:21
490,Chapais,49.7834,-74.8492,22.78,76,15,9.73,CA,2021-11-24 17:47:46
491,Manicore,-5.8092,-61.3003,88.18,62,91,2.46,BR,2021-11-24 17:52:21
492,Cecina,43.3128,10.524,57.9,70,10,8.57,IT,2021-11-24 17:52:21
493,Dharchula,29.85,80.5333,52.02,48,1,6.24,IN,2021-11-24 17:52:22
494,Jambi,-1.6,103.6167,75.27,96,100,1.12,ID,2021-11-24 17:52:22
495,Novopokrovka,49.8425,36.5477,26.98,47,8,7.67,UA,2021-11-24 17:52:22
496,Wanxian,30.8039,108.3897,51.15,79,0,1.41,CN,2021-11-24 17:52:23
497,Xichang,27.8964,102.2634,44.78,86,75,1.45,CN,2021-11-24 17:52:23
498,Graaff-Reinet,-32.2522,24.5308,56.91,77,79,11.68,ZA,2021-11-24 17:52:24
499,Fort Nelson,58.8053,-122.7002,-8.01,77,75,2.3,CA,2021-11-24 17:50:10
500,Sorland,67.667,12.6934,35.46,54,100,28.01,NO,2021-11-24 17:52:24
501,Snezhnogorsk,69.1933,33.2531,-0.62,93,90,5.39,RU,2021-11-24 17:52:24
502,Aquin,18.2833,-73.4,84.54,63,20,3.51,HT,2021-11-24 17:53:25
503,Sisimiut,66.9395,-53.6735,29.75,82,78,26.11,GL,2021-11-24 17:53:25
504,Meulaboh,4.1363,96.1285,74.53,88,100,5.7,ID,2021-11-24 17:53:25
505,Ternate,0.8,127.4,81.36,79,93,3.22,ID,2021-11-24 17:53:26
506,Dubbo,-32.25,148.6167,68.13,88,75,9.22,AU,2021-11-24 17:53:26
507,Moose Factory,51.2585,-80.6094,32.0,86,20,8.05,CA,2021-11-24 17:53:27
508,Clyde River,70.4692,-68.5914,10.63,85,100,28.77,CA,2021-11-24 17:53:27
509,Jalingo,8.8833,11.3667,86.81,21,44,4.18,NG,2021-11-24 17:53:27
510,Chardara,41.2547,67.9692,55.74,42,17,11.74,KZ,2021-11-24 17:53:28
511,Freetown,8.484,-13.2299,85.71,62,75,8.05,SL,2021-11-24 17:53:28
512,Muravlenko,63.7898,74.523,-6.9,98,79,12.01,RU,2021-11-24 17:53:29
513,Sambava,-14.2667,50.1667,76.08,76,35,5.48,MG,2021-11-24 17:53:29
514,Suffolk,40.8668,-72.7996,44.85,38,1,8.99,US,2021-11-24 17:53:29
515,Bundaberg,-24.85,152.35,76.21,93,89,1.99,AU,2021-11-24 17:53:30
516,Tankhoy,51.5528,105.1306,30.78,88,98,8.77,RU,2021-11-24 17:53:30
517,Puerto Narino,-3.7703,-70.3831,84.15,69,100,1.88,CO,2021-11-24 17:53:30
518,Qaqortoq,60.7167,-46.0333,37.29,95,100,19.64,GL,2021-11-24 17:53:31
519,Seabra,-12.4186,-41.7703,77.74,72,71,6.82,BR,2021-11-24 17:53:31
520,Batemans Bay,-35.7167,150.1833,72.19,97,100,3.36,AU,2021-11-24 17:53:31
521,Valparaiso,-33.0393,-71.6273,62.47,76,90,11.5,CL,2021-11-24 17:52:16
522,La Tuque,47.4334,-72.7824,26.85,59,13,2.3,CA,2021-11-24 17:49:19
523,Envira,-7.3,-70.2167,71.06,99,100,1.39,BR,2021-11-24 17:53:32
524,San Andres,12.5847,-81.7006,84.22,74,40,10.36,CO,2021-11-24 17:51:26
525,Ulladulla,-35.35,150.4667,67.77,97,100,5.59,AU,2021-11-24 17:53:32
526,Mumford,5.2618,-0.759,81.48,80,12,7.47,GH,2021-11-24 17:53:33
527,Ust-Nera,64.5667,143.2,-25.76,99,52,2.44,RU,2021-11-24 17:53:33
528,Ikom,5.9667,8.7063,80.89,72,73,3.58,NG,2021-11-24 17:53:33
529,Linhares,-19.3911,-40.0722,82.62,61,99,8.79,BR,2021-11-24 17:51:05
530,San Policarpo,12.1791,125.5072,81.61,85,100,14.07,PH,2021-11-24 17:53:34
531,Durango,24.8333,-104.8333,65.77,28,86,9.44,MX,2021-11-24 17:51:37
532,Moulins,46.5,3.3333,43.41,94,67,2.37,FR,2021-11-24 17:53:34
533,Calama,-22.4667,-68.9333,76.32,7,24,18.39,CL,2021-11-24 17:53:35
534,Mihaileni,47.9667,26.15,37.29,78,10,5.86,RO,2021-11-24 17:53:35
535,Listvyanskiy,54.4399,83.4984,22.19,96,100,5.26,RU,2021-11-24 17:53:36
536,Lunavada,23.1333,73.6167,73.42,38,3,3.33,IN,2021-11-24 17:53:36
537,Ilek,51.5271,53.3831,0.5,99,28,2.86,RU,2021-11-24 17:53:36
538,Tecoanapa,16.5167,-98.75,82.62,71,4,5.53,MX,2021-11-24 17:53:37
539,Doka,13.5167,35.7667,83.84,28,2,14.38,SD,2021-11-24 17:53:37
540,Pandaria,22.2333,81.4167,65.03,54,1,3.78,IN,2021-11-24 17:53:37
541,Megion,61.0296,76.1136,-2.18,100,87,8.1,RU,2021-11-24 17:53:38
542,Bilibino,68.0546,166.4372,-12.73,92,100,1.79,RU,2021-11-24 17:53:38
543,Weligama,5.9667,80.4167,75.76,92,100,1.34,LK,2021-11-24 17:53:38
544,Lagos,6.5833,3.75,86.32,82,53,5.86,NG,2021-11-24 17:49:06
545,Kananga,-5.8958,22.4178,70.9,87,80,2.26,CD,2021-11-24 17:53:39
546,Timiryazevskiy,56.49,84.8769,22.15,89,100,8.95,RU,2021-11-24 17:53:39
547,Belyy Yar,53.6039,91.3903,26.49,70,0,0.0,RU,2021-11-24 17:54:39
548,Wuda,39.4994,106.7117,32.79,30,0,3.2,CN,2021-11-24 17:54:40
549,Cabedelo,-6.9811,-34.8339,88.47,65,17,10.47,BR,2021-11-24 17:54:40
550,Folkestone,51.0833,1.1833,45.72,86,85,3.22,GB,2021-11-24 17:54:40
551,Lat Yao,15.751,99.7893,71.71,81,49,2.66,TH,2021-11-24 17:54:41
552,La Massana,42.5667,1.4833,35.73,99,100,2.46,AD,2021-11-24 17:54:41
553,Tutoia,-2.7619,-42.2744,91.38,65,55,14.76,BR,2021-11-24 17:54:41
554,Naze,28.3667,129.4833,57.63,64,11,4.52,JP,2021-11-24 17:54:42
555,Calabozo,8.9242,-67.4293,88.54,53,75,3.8,VE,2021-11-24 17:54:42
556,Haradok,55.4624,29.9816,35.38,90,99,11.63,BY,2021-11-24 17:54:43
557,Alghero,40.5589,8.3181,59.09,88,40,5.75,IT,2021-11-24 17:54:43
558,Farafangana,-22.8167,47.8333,76.05,94,72,4.47,MG,2021-11-24 17:54:43
559,Toamasina,-18.1667,49.3833,78.8,78,20,5.75,MG,2021-11-24 17:54:44
560,Lagunas,-5.2269,-75.6753,77.18,84,100,4.52,PE,2021-11-24 17:54:44
